{"cameraMode":{"drawMode":0,"name":"Shaded","section":"Shading Mode"},"sceneLighting":false,"audioPlay":false,"sceneViewState":{"showFog":false,"showMaterialUpdate":false,"showSkybox":false,"showFlares":false,"showImageEffects":false,"showParticleSystems":false},"in2DMode":false,"pivot":{"x":10.75,"y":1.5800000429153443,"z":11.880000114440918},"rotation":{"x":0.1875920295715332,"y":-0.5920376181602478,"z":0.14410404860973359,"w":0.770440936088562},"size":0.5715782642364502,"orthographic":false}