{"cameraMode":{"drawMode":0,"name":"Shaded","section":"Shading Mode"},"sceneLighting":false,"audioPlay":false,"sceneViewState":{"showFog":false,"showMaterialUpdate":false,"showSkybox":false,"showFlares":false,"showImageEffects":false,"showParticleSystems":false},"in2DMode":false,"pivot":{"x":0.3016911745071411,"y":1.3144633769989014,"z":0.32369154691696169},"rotation":{"x":-0.33045732975006106,"y":-0.646870493888855,"z":0.36854052543640139,"w":-0.580187201499939},"size":3.584880828857422,"orthographic":false}