{"cameraMode":{"drawMode":0,"name":"Shaded","section":"Shading Mode"},"sceneLighting":true,"audioPlay":false,"sceneViewState":{"showFog":false,"showMaterialUpdate":false,"showSkybox":false,"showFlares":false,"showImageEffects":false,"showParticleSystems":false},"in2DMode":false,"pivot":{"x":-14.166267395019532,"y":-0.06043529510498047,"z":12.013677597045899},"rotation":{"x":-0.027723252773284913,"y":-0.8985545635223389,"z":0.4343910217285156,"w":-0.05715837702155113},"size":5.241210460662842,"orthographic":false}