{"cameraMode":{"drawMode":0,"name":"Shaded","section":"Shading Mode"},"sceneLighting":true,"audioPlay":false,"sceneViewState":{"showFog":false,"showMaterialUpdate":false,"showSkybox":false,"showFlares":false,"showImageEffects":false,"showParticleSystems":false},"in2DMode":false,"pivot":{"x":2.536489486694336,"y":1.0098400115966797,"z":1.5744268894195557},"rotation":{"x":0.29521581530570986,"y":-0.7021254301071167,"z":0.41971713304519656,"w":0.4937680661678314},"size":26.235408782958986,"orthographic":false}