{"cameraMode":{"drawMode":0,"name":"Shaded","section":"Shading Mode"},"sceneLighting":true,"audioPlay":false,"sceneViewState":{"showFog":false,"showMaterialUpdate":false,"showSkybox":false,"showFlares":false,"showImageEffects":false,"showParticleSystems":false},"in2DMode":false,"pivot":{"x":2.4363412857055666,"y":-2.484808921813965,"z":-0.27902698516845705},"rotation":{"x":-0.017968332394957544,"y":-0.9053276777267456,"z":0.4226909577846527,"w":-0.03858576714992523},"size":12.12077522277832,"orthographic":false}