{"cameraMode":{"drawMode":0,"name":"Shaded","section":"Shading Mode"},"sceneLighting":true,"audioPlay":false,"sceneViewState":{"showFog":false,"showMaterialUpdate":false,"showSkybox":false,"showFlares":false,"showImageEffects":false,"showParticleSystems":false},"in2DMode":false,"pivot":{"x":0.8893823623657227,"y":-0.9130020141601563,"z":1.024235725402832},"rotation":{"x":0.028626831248402597,"y":-0.8925703763961792,"z":0.44646334648132326,"w":0.05711107701063156},"size":26.131977081298829,"orthographic":false}